FabCodigo;FabDescripcion;Activo;Descripcion;DescripcionBreve;MetaTitulo;MetaPalabrasClave;MetaDescripcion;URLIMagen
1;NINGUNO;0;;;;;;
2;LG;1;;;;;;LG.jpg
3;SAMSUNG;1;;;;;;samsung.jpg
4;IMATION;1;;;;;;imation.jpg
5;CODEGEN;1;;;;;;codegen.jpg
6;MSI;1;;;;;;msi.jpg
7;AMD;1;;;;;;AMD1.jpg
8;ASUS;1;;;;;;asus.jpg
9;INTEL;1;;;;;;intel.jpg
10;HAVIT;1;auriculares y parlantes;;;auriculares havit;;HAVIT1.jpg
11;ENCORE;0;;;;;;encore.jpg
12;SONY;1;;;;;;sony.jpg
13;D-LINK;1;;;;;;dlink.jpg
14;GENIUS;1;;;;;;genius.jpg
15;ECS;0;;;;;;ecs.jpg
16;SATELITTE;0;;;;;;satelite.jpg
17;SOLTECH;0;;;;;;soltech.jpg
18;GENERICO;1;;;;;;logo ryr.jpg
19;XFX;1;;;;;;xfx.jpg
20;ATI;1;;;;;;ati.jpg
21;AVERMEDIA;0;;;;;;avermedia.jpg
22;TITAN;0;;;;;;
23;SERVICOMP;1;;;;;;servicomp.jpg
24;DELTA ELCT. QUIMICA;0;;;;DELTA, ELECTROQUIMICA, LIMPIEZA;;DELTA-ELCT.-QUIMICA3.jpg
25;BENQ;1;;;;;;benq.jpg
26;CROMAX;0;;;;;;cromax.jpg
27;SENTEY;1;;;;;;sentey.jpg
28;BIOSTAR;1;;;;;;biostar.jpg
29;Western Digital;1;;;;;;
30;PHILIPS;1;;;;;;philips.jpg
31;KINGSTON;1;;;;;;kingston.jpg
32;VIEWSONIC;1;;;;;;viewsonic.jpg
33;T&V;1;;;;;;thonetvander.jpg
34;CREATIVE;0;;;;;;creative.jpg
35;HP;1;;;;;;hp.jpg
36;EPSON;1;;;;;;epson.jpg
37;MANHATTAN;0;;;;;;manhattan.jpg
38;CIRKUIT PLANET;0;;;;;;cirkuit.jpg
39;NOGANET;1;;;;;;noganet.jpg
40;KOZUMI;0;;;;;;kozumi.jpg
41;BANGHO;1;;;;;;BANGHO1.jpg
42;ACER;1;;;;;;ACER1.jpg
43;MICROSOFT;1;;;;;;MICROSOFT1.jpg
44;ADATA;1;;NEW TREE;;;;ADATA1.jpg
45;IPC;1;INDUSTRIAS PLASTICAS DE CATAMARCA;;;;;ipc1.jpg
46;THERMALTAKE;1;;FUENTES GAMERS PARA PC;;;;THERMALTAKE1.jpg
47;GIGABYTE;1;;;;;;GIGABYTE1.jpg
48;ANVIZ;0;;;;;;
49;GFAST;1;;;;;;GFAST1.jpg
50;BISWAL;0;;Fuentes, Gabinetes, Teclados, Mouse, Parlantes y Otros accesorios;;;;BISWAL1.jpg
51;SILVER;0;SILVER INDUSTRIAL;;;;;imagesCAV3P501.jpg
52;TP-LINK;1;REDES Y ACCESORIOS PARA REDES;;;;;TP-LINK1.jpg
53;CANON;1;;;;;;CANON2.jpg
54;PANASONIC;1;;;;;;imagesCA6B8Q9I.jpg
55;PLATINIUM;1;MUEBLES;;;;;PLATINIUM1.jpg
56;TONET & VANDER;0;;;;;;
57;TOSHIBA;1;;;;;;TOSHIBA1.jpg
58;LOGITECH;1;;;;;;logitech1.jpg
59;DELL;1;;;;DELL;;DELL1.jpg
60;OCZ;1;;;;;;imagesCAJYIG9O.jpg
61;LINKSYS;1;;;;linksys;;LINKSYS2.jpg
62;UNDERWOOD;1;;;;;;imagesCAX51L4U.jpg
63;GARMIN;1;;;;GARMIN, GPS;;GARMIN2.jpg
64;Verbatim;1;;;;;;Verbatim1.jpg
65;NINTENDO;0;;TECNOLOGIA EN CONSOLAS DE ENTRETENIMIENTO.;;;;nintendo-logo.jpg
66;Gskill;1;;;;;;
67;MAXELL;0;;;;;;
68;SIC;1;Estabilizadores, UPS, Ups Online;;;;;SIC1.jpg
69;TELTRON;1;;Cd y Dvd virgen;;;;TELTRON1.jpg
70;CANYON;1;;;;;;
71;HITACHI;1;;;;;;
72;PROBATERY;0;;;PROBATERY;PROBATERY;PROBATERY;PROBATERY1.jpg
73;SOUL;0;;acceosrios para celulares y tablets;;;;
74;CASE LOGIC;1;;;;;;CASE-LOGIC1.jpg
75;ASROCK;1;;;;;;
76;INTELLINET;1;;;;;;
77;JVC;1;;;;;;
78;SUPERTALENT;1;;;;;;
79;NIKON;1;;;;;;
80;LOCH;1;;;;;;
81;sharknet;1;;;;;;
82;NOBLEX;1;;;;;;
83;COBY;0;;Service Oficial DHCP Sistemas;;;;
84;LENOVO;1;;;;;;
85;NISUTA;1;Accesorios, Cables, Teclados, Mouses, Redes y otros;;;NISUTA, ACCESORIOS, CABLES, TECLADOS, MOUSE;;NISUTA1.jpg
86;KELIX;1;;;;;;logo kelyx.jpg
87;CX;1;NOTEBOOK, NETBOOK, PC ESCRITORIOS;;;cx, netbook, notebook, pc;;CX1.jpg
88;NETMAK;1;Mouse, Teclados, Variedad en Cables;Mouse, Teclados, Variedad en Cables;;Mouse, Teclados, Cables, Netmak;;Logo_Netmak.jpg
90;INTELAID;1;SOPORTES PARA TV LCD Y LED , MOVILES Y DE PARED FIJO;;;;;81logo-intelaid.jpg
91;PCBOX;1;;;;;;marca_PCBox.jpg
92;CASIO;1;;;;;;
93;DAIHATSU;1;;;;;;
94;NICOTRONIC;1;;;;;;logo_nicotronic.jpg
95;SANDISK;1;;;;;;sandisk-logo-vector1.jpg
96;JONY;1;;;;;;
97;CELULARES D;1;;;;;;
98;SB;1;;;;;;
99;NETSYS;1;;;;;;
100;MAGNUN TECH;1;;;;;;
101;KOLKE;1;;;;;;
102;GTC;1;;;;;;
103;CDTEK;1;;;;;;
104;Markvision;1;;;;;;
105;Westcomm;1;Contacto LARA;;;;;
011-30553603;;;;;;;;
106;RAMICEL;1;;;;;;
107;SEND+;1;;;;;;
108;Mobeel;1;;;;;;
109;DIEGO;1;;;;;;
110;Geeker;1;;;;;;
111;signux;1;;;;;;
112;SEISA;1;;;;;;
113;AOC;1;;;;;;
114;ENERGIZER;1;;;;;;
115;BGH;1;;;;;;
116;EUROCASE;1;;;;;;
117;BROTHER;1;;;;;;
118;FUTURE GRAPHICS;1;;;;;;
119;TREE TECNO;1;;;;;;
120;HDC;1;;;;;;
121;DIGICELL;1;;;;;;
122;GLOBAL;1;;;;;;
123;CORSAIR;1;;;;;;
124;PANACOM;1;;;;;;
125;UBIQUITI;1;;;;;;
126;GrandStream;1;;;;;;
127;KEEKA;1;;;;;;
128;MOW;1;;;;;;
129;REDRAGON;1;Accesorios Gammer, Teclados Mouse, Auriculares y otros;;;;telados, mouse y aruculares gammer;
130;JBL;1;;;;;;
131;Motorola;1;;;;;;
132;NEXXT;1;;;;;;
133;RAZER;1;PRODUCTOS GAMMER;PRODUCTOS GAMMER: TECLADOS, MOUSE, PAD MOUSE PARLANTES Y OTROS;;;;
134;SteelSeries;1;Linea Gammer de Perifericos;Linea Gammer Auriculares, Teclados, Mouse, Pad mouse y Joystick;Steelseries;SteelSeries;SteelSeries;
135;Ak-Racing;1;;;;;;
136;DXRACER;1;;;;;;
137;SPIGEN;1;;;;;;
138;ILUV;1;;;;;;
139;BRAVEN;1;;;;;;
140;HIVISION;1;;;;;;
141;MARVO;1;;;;;;
142;MICROTIK;1;;;;;;
143;MGM;1;;;;;;
144;TARGUS;1;Mochilas y Bolsos;Mochilas y Bolsos ;Mochilas y Bolsos para Notebook;;;targus-logo.jpg
145;WACOM;1;tabletas graficadoras;Lideres en Tarjetas Graficas para Diseño Profecional!!!;;;;
146;SEAGATE;1;Discos Rigidos y Solidos;Discos y Accesorios;Discos;Disco Rigido;Disco;seagate-technology_416x416.jpg
147;APPLE;1;;;;;;
148;Energy Sistem;1;auriculares, parlantes y accesorios;;;;;logo500x500.jpg
149;UGRAND;1;;;;;;
150;ONSET;1;Accesorios HomeStyle;;;;;
;Soportes, Fundas, Teclados Mouse, auriculares y mucho mas!!!;ONSET;ONSET;ONSET;Yol2EJ7U_400x400.jpg;;;
151;FELLOWES;1;;;;;;
152;INSTTO;1;;;;;;
153;HOCO;1;;;;;;https://hocotech.com/
154;XP-PEN;1;Tabletas Graficas;Tabletas profecionales para trabajar en la confeccion de graficos, firmas digital, y otros ;;;;
155;IPRO;1;;;;;;
156;DRAGON WAR;1;;;;;;
157;iglufive;1;;;;;;
158;ASTRO;1;ACCESORIOS PARA GAMMER;ACCESORIOS PARA GAMMER. AURICULARES Y OTROS ACCESORIOS;;;;descarga (4).jpg
159;Silverstone;1;Notebook y Tablets;Notebook y Tablets;Silverstone;Tablets, Notebook, Cloud;Tablets, Notebook, Cloud;
160;ELGATO;1;;;;;;
161;TRENDNET;1;;;;;;
162;ZOTAC;1;;;;;;
163;TCL;1;;;;;;
164;XIAOMI;1;;;;;;
165;BLU;1;;;;;;
166;AEROCOOL;1;Accesorios Gammer;Sillas, Sillones, Cooler Water, Gabinetes, fuentes y otros Accesorios Gammer;;;;
167;CRUCIAL;1;;;;;;
168;SEND+;1;;;;;;
169;ColorFul;1;Placas de video;Placas de video y otros accesorios para PC;;;;
170;ZALMAN;1;;;;;;
171;SKP;1;;;;;;
172;B&D;1;;;;;;
173;thunderx3;1;;;;;;
174;WUW;1;;;;;;
175;Borofone;1;;;;;;
176;borofone;1;;;;;;
177;DINAX;1;;;;;;
178;SAPPHIRE;1;PLACAS DE VIDEO;ESPECIALISTA EN PLACAS DE VIDEO;;;;
179;PASTERMAX;1;PASTA AISLANTE PARA MICRO PROCESADORES;PASTA TERMICA;PASTA TERMICA, GRASA SILICONADA, GRASA METALIZADA;;;
180;FIFINE;1;Microfonos profesionales;Microfono Profesional;;;;
181;HYPERX;1;Accesorios Gammer;Gamming para PC y Consolas de Juegos;;;;
